Grade,Bumpiness,Speed
0.38102068999577143,0.11648212160439997,slow
0.23071918631047517,0.455724879557015,slow
0.1660367243141352,0.8729210068456686,fast
0.913833434772713,0.39266045113602466,fast
0.577939025285932,0.30375196283639794,fast
0.6901326573152672,0.5342495662596148,fast
0.5530594756959841,0.5647741253362264,fast
0.38354406395527285,0.9184926447509022,fast
0.7316242066268128,0.9069697908271814,fast
0.5764279589751974,0.9814931017254944,fast
0.7812095675548225,0.06854735444891447,slow
0.6615809723574216,0.7259678860423184,fast
0.839298017459614,0.48719562481859524,fast
0.43939451090100756,0.5869115266261401,fast
0.1550494207938402,0.8412902363747495,fast
0.149835057407401,0.2996735725357248,slow
0.7231696718848062,0.004714404171377584,slow
0.16751077963049055,0.2528377620413139,slow
0.654655200922515,0.9649109572929032,fast
0.6207734389885317,0.9282929199289442,fast
0.05949914544685719,0.4634850237618313,slow
0.7843143015187655,0.13448399165087888,slow
0.033006224279086394,0.7413561869947737,slow
0.866891699148983,0.3124588839607785,fast
0.8410458694013218,0.8782469064220237,fast
0.21587334627447619,0.5060825879670716,slow
0.7262379851952618,0.29594402685576215,fast
0.732340115868937,0.06313641236542622,slow
0.12500378903180298,0.26721998914448664,slow
0.6699523033092752,0.3381886074579876,fast
0.12376757784700965,0.29523189936315697,slow
0.9132215689390045,0.7501992248701828,fast
0.6888515122296454,0.8470762949000817,fast
0.9800049303303863,0.6529695198641783,fast
0.05352953274966665,0.44861671202935893,slow
0.31780022550610787,0.6753442384979743,fast
0.6198999213134945,0.044697441148816686,slow
0.6082066936626187,0.5094976720841858,fast
0.18209044214261239,0.5348810623473789,slow
0.887780322109242,0.6157404127661645,fast
0.8465273533567098,0.267502400957479,fast
0.301416295762753,0.8670399278848697,fast
0.14590759654873253,0.3466084769836395,slow
0.6676591939741346,0.45150996092429163,fast
0.40719113514946204,0.12072005514364625,slow
0.6633397762215478,0.5187322669893922,fast
0.49326454743370907,0.0030023647301361533,slow
0.3948244618654496,0.5301651963309659,fast
0.021664776547828724,0.2063666166379653,slow
0.1349492749412876,0.9515222042389061,fast
0.45841723640064047,0.4470802317710282,fast
0.7282122478026347,0.2327753817491256,slow
0.425664399059938,0.6643102529475211,fast
0.7444416379909664,0.13918271309418695,slow
0.5397872479862915,0.5230047157122056,fast
0.8803525568116324,0.45035733494761265,fast
0.6551186998467807,0.9441628941820539,fast
0.3218704922223795,0.7400943481592439,fast
0.13881203388533947,0.8587823958997012,fast
0.06573005554231726,0.9857158068405211,fast
0.03959631711432343,0.5998948925088757,slow
0.8624838045392654,0.6691008156727966,fast
0.8745914314069521,0.6883681418677218,fast
0.7513695123701424,0.8235958434879762,fast
0.10932926078541716,0.868519613150698,fast
0.6605054565158603,0.8743273495204882,fast
0.12765531163531663,0.9208147580988052,fast
0.8890675262604498,0.9374111647630813,fast
0.6554387711723185,0.16952054876026024,slow
0.7496176889934854,0.7726948840839971,fast
0.6090564916205696,0.7133743187584084,fast
0.4183808907957788,0.8940209760887251,fast
0.848402992632072,0.3611880428202946,fast
0.9616777371263886,0.7637018456623579,fast
0.24175349042273608,0.005460548491323269,slow
0.4373877373575924,0.3859429197417431,fast
0.7334212993059389,0.22732652718270563,fast
0.6799535656126925,0.24218672098227745,fast
0.41061284235808415,0.08436589280006501,slow
0.4500149494632526,0.5140060953680492,fast
0.9676304360370178,0.1389127693759694,fast
0.2759419794539313,0.054044312736191924,slow
0.2115324283321116,0.6152224486547033,slow
0.6861297879281887,0.7780653839426024,fast
0.2769614858720225,0.3283058462723162,slow
0.8974496104124691,0.04155552008438268,fast
0.325739076792552,0.8696452006294906,fast
0.9246237994930553,0.355457184939315,fast
0.3798126189980746,0.38738383527804165,fast
0.8851183302308775,0.9020849849488717,fast
0.7511232155639003,0.15114628653079087,slow
0.7320170855564844,0.6541472725751061,fast
0.21431639456875806,0.3664713231213137,slow
0.1642526702123961,0.603148798935962,slow
0.03102412242849617,0.45099112789387885,slow
0.18062555394161373,0.20079013330359297,slow
0.6665539610444707,0.9401613447656593,fast
0.06436592331359325,0.5251361690297761,slow
0.23720810970399409,0.1835489672246856,slow
0.5670356647871264,0.45945871780339864,fast
0.15514991054525218,0.600009892458143,slow
0.32907014431032666,0.916425765152271,fast
0.2283736719504429,0.3015594508535874,slow
0.6760880181312269,0.10851815655609354,slow
0.11851610856205652,0.4676341195943241,slow
0.9975226256790564,0.848327529390153,fast
0.5987371931959125,0.030277882373503595,slow
0.7130469992238161,0.9198639333613924,fast
0.5525541959225014,0.4948351860310858,fast
0.49781853253208663,0.4728093925169209,fast
0.9706864011033506,0.6235978349703853,fast
0.8937201073094391,0.73759373306073,fast
0.8219451707140033,0.6543599520199749,fast
0.029843860705062064,0.9240444515487162,fast
0.5895139702296972,0.6154067753623751,fast
0.9417031418848729,0.3138388406133472,fast
0.6383061420400613,0.406017189342207,fast
0.5129875653851771,0.41492725601555214,fast
0.6497008123978559,0.21862414019754506,slow
0.17700869151386323,0.3043110891620495,slow
0.7276961726894656,0.3749914489045868,fast
0.7837063816301999,0.9447645302027982,fast
0.07171945305116789,0.8923577888653135,fast
0.5097943966574633,0.7361123032798486,fast
0.5952307857105021,0.7115466224829499,fast
0.35201719562795697,0.25765022162981355,slow
0.6816974013991127,0.36522979918145715,fast
0.9219320038861147,0.20424309297594134,fast
0.9061968248728841,0.8188024797377773,fast
0.3077691144044974,0.6803727074892028,fast
0.1517569516523597,0.6504830366544575,slow
0.8539329870023745,0.020124109971688453,fast
0.6119657176032889,0.729081945075147,fast
0.8295172387588533,0.794426969322436,fast
0.8689263813690351,0.522225760182535,fast
0.27944463954648113,0.7578196297512331,fast
0.5873892189310418,0.8130827670619789,fast
0.3032256692884151,0.6368511749413625,fast
0.7974919713399737,0.3170740286424225,fast
0.6915599618173183,0.5609782534881502,fast
0.23904753549084334,0.8787502362590464,fast
0.5001321320971099,0.09831077022776646,slow
0.5941457185239621,0.8289776490319616,fast
0.23303328069901352,0.3419936649167261,slow
0.18249158489368955,0.690308988305988,slow
0.4742372653739859,0.12236498453463085,slow
0.07209141736500457,0.45611600224167337,slow
0.4951605459420194,0.9982002444551693,fast
0.9399800417515745,0.5851695107255726,fast
0.8259882805881275,0.48033734540634154,fast
0.05431738950702947,0.31418991480330116,slow
0.8257519006642617,0.36944591141598804,fast
0.7164539904670852,0.6582602977005263,fast
0.7081759015850819,0.9189523278111287,fast
0.026801770606650788,0.12694593461932957,slow
0.7598978178980644,0.3414116540926059,fast
0.1954334483485256,0.37284776537437947,slow
0.8030433989954446,0.28984179652518316,fast
0.32244894592760964,0.9691422895955629,fast
0.3666455937902062,0.8172030039784115,fast
0.17225935628786093,0.520917505082031,slow
0.8675870077039698,0.01943712480079829,fast
0.22181619082179616,0.8956503534712336,fast
0.8728165895901561,0.7353853854226212,fast
0.5138095647139604,0.8819458547116237,fast
0.14849562962774132,0.30294472519620064,slow
0.6551538079242517,0.3204749421761528,fast
0.5308474702765453,0.4083349917996755,fast
0.027036445091833783,0.4053532975659401,slow
0.8235897112565237,0.4547642680021565,fast
0.2709193201517327,0.9892719367391022,fast
0.023873147047609677,0.8533457792146703,fast
0.7663621196563425,0.06985623080690229,slow
0.7270536962618039,0.43189135765008024,fast
0.3857760930489592,0.14849325903216837,slow
0.18621461126414507,0.4854374874362515,slow
0.5269405940722,0.4521700775390114,fast
0.5864273422233383,0.6657750604737032,fast
0.6894854618924784,0.8441589924112921,fast
0.4895738368022585,0.47822784637513815,fast
0.5678393731859543,0.8725199580919415,fast
0.7207814159993772,0.1926247717752927,fast
0.18967832900173442,0.34043242968771614,slow
0.18058680204001087,0.12490390279491681,slow
0.4844562939355358,0.8228272031139646,fast
0.7541350994908483,0.814244069221082,fast
0.8028009752586258,0.5852007292746585,fast
0.8533379052302863,0.2785393295960761,fast
0.43894355756618464,0.3411777817061036,slow
0.7136905812501357,0.04248813635588755,slow
0.10614841658207363,0.6301691685804534,slow
0.3886943668572177,0.2143755045857163,slow
0.0667947347799609,0.227406234435089,slow
0.8352928377118253,0.28301838192406314,fast
0.9997725436000618,0.7931526684102045,fast
0.6696663308040557,0.2887301447797944,slow
0.7524541222884051,0.9372755672296856,fast
0.372229863047715,0.5802932900493781,fast
0.7949104843965443,0.12094629075348617,slow
0.08502157086002271,0.2220433262539252,slow
0.3706217139150748,0.9958892824493861,fast
0.35081600517324907,0.49953705760684963,slow
0.8639334176277041,0.5718789303013325,fast
0.17298464673953196,0.10076254526372519,slow
0.1591355719752252,0.7941639333022599,slow
0.08938957054360952,0.3720214384830395,slow
0.8428572417383176,0.016374060330006213,fast
0.3154091932484179,0.13804037653080004,slow
0.9030865276124513,0.3167234004233255,fast
0.31299868466959035,0.089371200431826,slow
0.8367095367289767,0.3056351857234275,fast
0.1949429143409559,0.6460692491489402,fast
0.9024933906184045,0.19644737362077636,fast
0.9736602814804043,0.9834694688328842,fast
0.87837840489728,0.6133696493187548,fast
0.6918714278815039,0.6520434975540563,fast
0.8963558227992591,0.6118792476633229,fast
0.914326259115605,0.5170321874353259,fast
0.9638014638422574,0.6449421720864486,fast
0.2754192466000679,0.2642838615608194,slow
0.849887288617886,0.3436650868006702,fast
0.7796672230492859,0.2230035850518255,slow
0.34586964532159936,0.552183762618772,fast
0.16818709487379424,0.5641417744640916,slow
0.8996419301094497,0.8148693768434849,fast
0.47237938472205243,0.7042236805940225,fast
0.530105864794215,0.8599067598340023,fast
0.8865529999445985,0.40279833772858586,fast
0.48384424789670466,0.8672179864770383,fast
0.25249877325702275,0.15876821669063468,slow
0.68596640688914,0.4838934321580266,fast
0.5323289014506658,0.6352401520071927,fast
0.27239732870901723,0.024607089086848832,slow
0.6920460549096632,0.2554533404358206,slow
0.904031127229023,0.3885319823065757,fast
0.24595364781651918,0.7250493241628942,slow
0.8127453031056429,0.41460241002267884,fast
0.7536655610492282,0.9865640128929059,fast
0.5224616829530085,0.651555001736489,fast
0.19327800595638045,0.83593824083243,fast
0.6649257564654074,0.9827670674416423,fast
0.2814098319677294,0.5223928353418644,slow
0.25077790712029724,0.6128885635831682,fast
0.8534235976059755,0.10575918726450928,fast
0.27059593264686665,0.566726223393177,slow
0.0924705420984514,0.25714997622688374,slow
0.845485935094409,0.35086665383231785,fast
0.9948654664509666,0.5388611464403911,fast
0.3053661670991463,0.18210948785170844,slow
0.40497126338113676,0.6316755245232084,fast
0.5445257764107486,0.2707312491921675,slow
0.752836687258099,0.8243306770226054,fast
0.012211802406288053,0.9966079070140081,fast
0.6479529138755297,0.30258777091854194,fast
0.2336623100462255,0.29620726204234016,slow
0.9290633409331087,0.09578794740409924,fast
0.41464724838704903,0.04709072220267574,slow
0.9442505438962364,0.12169739615981534,fast
0.45015324219993114,0.23948370550224984,fast
0.6550473736314889,0.6899875940277925,fast
0.03788287808623858,0.7256926159308739,slow
0.20268531189380512,0.4355387332597238,slow
0.29624163814669624,0.4105133471647828,slow
0.36931466327030127,0.3511540448961904,slow
0.17307240139779367,0.18892003441370575,slow
0.421068397835456,0.961590620567679,fast
0.08811901889676577,0.1478342155827964,slow
0.5662719425652155,0.42329013286743367,fast
0.9629374479668606,0.030231776963286605,fast
0.8571899071295717,0.5438496188045469,fast
0.6219489428980348,0.48678169163373086,fast
0.9817459422759852,0.08194513050432695,fast
0.7285216459608546,0.6252874153529412,fast
0.6342223316781552,0.5010111957097347,fast
0.45731303585383376,0.6997389268478243,fast
0.08233732394959647,0.5531474570318086,slow
0.8932043592019636,0.3241994260459009,fast
0.8961983090204386,0.6673501278940834,fast
0.8048371514632721,0.4965851623975617,fast
0.6889542720595845,0.8712656000451277,fast
0.8126861509530937,0.9359844067732215,fast
0.9585762373851378,0.8800794005461812,fast
0.9719624954132271,0.6567988258939843,fast
0.7697802779821257,0.2925639811480376,fast
0.01627197181345086,0.08294633613453317,slow
0.9473330354850275,0.8519337740460545,fast
0.567725146370603,0.0221357193437286,slow
0.45213060803260596,0.8683097103806265,fast
0.43098869463793155,0.17362409165045856,slow
0.2704210795121794,0.2825342563626366,slow
0.03405433262177415,0.6808268817642641,slow
0.6183377190773389,0.16285170534101345,slow
0.6175287413870292,0.383776054442057,fast
0.08641232495080498,0.4765521186320236,slow
0.9228779585283312,0.013286978268486016,fast
0.9034703506761363,0.14085538288368715,fast
0.8647011141578594,0.2408148047999672,fast
0.537399973011272,0.6289404512914157,fast
0.38489713038849627,0.6387947511046153,fast
0.47048274576477456,0.12728477869317245,slow
0.3705978075997899,0.9889211657509964,fast
0.9555512933973184,0.2337276410478758,fast
0.9193306720775857,0.16400160055533608,fast
0.8985465231772569,0.3286323345071681,fast
0.5197813413714782,0.11425628283104228,slow
0.5110102978274998,0.37414937954226546,fast
0.68713879356393,0.03621942657037713,slow
0.2892483562726429,0.25396837486936097,slow
0.1841221373044497,0.816858069820466,fast
0.9849287020848122,0.16167666508886047,fast
0.26959645598071247,0.5794740611669991,fast
0.27016376320535007,0.46970107636509395,slow
0.49231394183456056,0.7328782635195943,fast
0.08827173892163931,0.15978494040610802,slow
0.523717382726123,0.9623491845241203,fast
0.16022372265192397,0.34278627139367146,slow
0.8291295294578513,0.9426515769263515,fast
0.08187177842601279,0.22148484444429783,slow
0.8020396597517441,0.24703536555348826,fast
0.26872431439481403,0.8546691595235381,fast
0.7880143174980934,0.4307623920239573,fast
0.8007147032511521,0.6883820144842618,fast
0.9553822567579657,0.8407980286961769,fast
0.1745626563488354,0.6977172678918774,slow
0.9846801851127654,0.7311594144450851,fast
0.1480059338454599,0.8195558886502149,fast
0.3511860116097897,0.013531427134384488,slow
0.0073501973047064295,0.2318481403645315,slow
0.49399057091130383,0.9165649307097091,fast
0.08196687007647196,0.7911689262656473,slow
0.5555696688933646,0.09656733993424316,slow
0.9330965512379455,0.8904834987261249,fast
0.7817203428789213,0.7496307245792384,fast
0.6477354403404476,0.3927425771645344,fast
0.09071284681807879,0.39165257216815963,slow
0.9864675423508292,0.3487741988755385,fast
0.3647608328081806,0.8144616095348508,fast
0.9494593149109839,0.26819472925172083,fast
0.14577936292695703,0.41977156193634746,slow
0.29901363762741573,0.6045910558645605,fast
0.9477184277858327,0.5119356265376889,fast
0.7469885950398956,0.5007125615226531,fast
0.1863603868867163,0.14451478832023767,slow
0.4576038661754189,0.6452880060919801,fast
0.542368614767325,0.2774645884221659,slow
0.25185998140235355,0.9609053854937047,fast
0.21856639751397744,0.21359438266874942,slow
0.08388071021353183,0.9772403729251273,fast
0.5094467762615078,0.44836632612091765,fast
0.4158594719854992,0.08730567589260407,slow
0.3499392751274225,0.407501733925168,fast
0.47961075537319764,0.3677704092218457,fast
0.3465838714144819,0.21722176414057703,slow
0.3863192619710917,0.5822948129449058,fast
0.7638249792454114,0.5505141677089573,fast
0.1481884191938081,0.6588402837745815,slow
0.09545305388276326,0.5550556407697476,slow
0.44693621360926783,0.18482678953523868,slow
0.2896502869838907,0.8661766586973941,fast
0.4751042087200771,0.4639349226976339,fast
0.8597377252089027,0.01642586999074025,fast
0.9462320691560174,0.715327987870844,fast
0.8167090485997227,0.9720263113036072,fast
0.9206298166430864,0.8388150730173357,fast
0.230640084213368,0.7846992875832937,fast
0.3462612635078691,0.6872818179161326,fast
0.11164443597599483,0.1583634469281936,slow
0.2896803638937351,0.18069581019672143,slow
0.260617269993762,0.8287230455141866,fast
0.23981877402608398,0.767539031234169,fast
0.33344225744658273,0.5625597114021428,fast
0.9404979348621662,0.29135321444965745,fast
0.5152343260980485,0.6114656387666073,fast
0.8996916608491495,0.9236865068294015,fast
0.5273007859365281,0.1104354454566201,slow
0.7488989149339771,0.29874038064783615,fast
0.6700422444847556,0.5670171411540419,fast
0.5925715373868224,0.2677905378907748,slow
0.9243800123723972,0.7342139008255916,fast
0.5940223239335118,0.200742311077717,slow
0.5035201345809314,0.14135916763525247,slow
0.22941312745429943,0.20634204667095257,slow
0.09901299039138212,0.029000800950623407,slow
0.4288591605027564,0.41409098705163316,slow
0.4061939466004295,0.525250637176525,fast
0.13055330925053943,0.9554398192701503,fast
0.9524459622341195,0.48040631999703376,fast
0.017640365519419166,0.9104995039309486,fast
0.44138475204927163,0.08096650557122065,slow
0.24665076430633293,0.368208835478699,slow
0.4083207097520154,0.9266889818690244,fast
0.83667602644491,0.3231876108073555,fast
0.9638285102531629,0.01677769545727792,fast
0.3985218944808995,0.0823361623217943,slow
0.7119874687161165,0.6753820460350413,fast
0.8924453665386788,0.6675051968937171,fast
0.2902194356701232,0.6377969977949864,fast
0.3967170866858871,0.8320282746874867,fast
0.4334160816144159,0.8542416001845903,fast
0.8368628377804707,0.8435700841194748,fast
0.30322655439840995,0.7527730030758163,fast
0.8965490858643651,0.2962924201001732,fast
0.18535285328266304,0.4560628798152172,slow
0.6808636158867728,0.6643180040944632,fast
0.6308413011662012,0.45387757584594224,fast
0.03395978199310623,0.09085141624465887,slow
0.32724328767854105,0.34309117568197467,slow
0.8355354290712884,0.400760559940015,fast
0.4018766261805231,0.29868880077926707,slow
0.05720746418283551,0.07146865796267166,slow
0.4700694236878705,0.5796687579821539,fast
0.5408597484128684,0.23928691953739878,slow
0.4694912567417725,0.6221769549474997,fast
0.4210276326465694,0.3401975329453726,slow
0.9381540430184167,0.6725099497506026,fast
0.670773800718922,0.8183380202418642,fast
0.4441406141140253,0.5385508155776286,fast
0.4468469502861995,0.3310567565433421,slow
0.7697237142512782,0.6740076791167022,fast
0.2382594854207708,0.28514387529504726,slow
0.4820342474053314,0.7483941492115896,fast
0.760375075199185,0.9523082610128838,fast
0.09033335889272143,0.828579073742501,fast
0.147967646329497,0.5786248206099894,slow
0.0507925678634934,0.9092880988085342,fast
0.6697989505299456,0.5440174512216351,fast
0.8000730636653223,0.6432943448855439,fast
0.6617818599935997,0.014704057065685117,slow
0.619951430863889,0.37958516565041167,fast
0.03173058922473049,0.3001186632741355,slow
0.36387971784284123,0.041737902229316615,slow
0.4624091830831042,0.052068944650205506,slow
0.3367893757527126,0.5938948050405463,fast
0.250320325220999,0.181909368948878,slow
0.37145431225534065,0.420909726101081,fast
0.22738541623162012,0.8876791057041894,fast
0.07002112963097762,0.06229063542451807,slow
0.5711482406034378,0.301862135409954,fast
0.024385117068148277,0.5852149063197584,slow
0.43340276588307614,0.7188023726463992,fast
0.4016327561077109,0.3907850642697369,slow
0.8103317773644836,0.036706101498753196,fast
0.7062239196475759,0.5287203351866963,fast
0.4584919596243058,0.08329258273618301,slow
0.006092857811601404,0.23342106407378072,slow
0.7117363706790873,0.5814066822308858,fast
0.72382116255926,0.14896782090711913,slow
0.6378843077272207,0.04253232526741091,slow
0.9905933302498366,0.9250293474810481,fast
0.49183373645641404,0.09760748185805768,slow
0.39583785868935517,0.7795497175135963,fast
0.534300719432322,0.7802912386711345,fast
0.10474792191533788,0.8409474146080383,fast
0.6265272793605009,0.008917318654874329,slow
0.13200392921852433,0.10853057336792094,slow
0.6695730700383967,0.9161437613800454,fast
0.6118854299837893,0.46761401438661243,fast
0.6847955870459195,0.5355131133334645,fast
0.18451497038136777,0.06372040602103168,slow
0.7123333719804991,0.2509521532024461,fast
0.9430311015939297,0.012241884736397535,fast
0.9856866701547496,0.4941656245670868,fast
0.7652296135958903,0.28463203608768073,fast
0.1573855358913503,0.767130139188287,slow
0.7742334611140343,0.7933972366983533,fast
0.1772480531407531,0.292325307783995,slow
0.9796227726143613,0.9696127184330159,fast
0.032187622319193254,0.34105099558209584,slow
0.016732805374794935,0.109658269679615,slow
0.4018688673729437,0.282576311336163,fast
0.07797938251654313,0.8273295436096844,fast
0.9524106179590685,0.5304085224870136,fast
0.930330446308382,0.940873302206252,fast
0.2596622411517211,0.2384444569180617,slow
0.8696104599979817,0.7951107176848458,fast
0.3499423062524386,0.28074853253848575,slow
0.8181404728452099,0.6936983453227517,fast
0.12458300192026805,0.864342088408438,fast
0.9407810412955329,0.5073680717258393,fast
0.44549957921036876,0.9065102583032457,fast
0.23597496221256775,0.6113688017209162,slow
0.44494781639055303,0.5174229453560854,fast
0.0012808596180715615,0.7921886387736248,slow
0.037199768699997415,0.3605450923566407,slow
0.4747588385010174,0.302798537699267,slow
0.5961668554698086,0.2415706135385597,fast
0.9967616610931174,0.12144182148293747,fast
0.5211823017633249,0.09860850375181152,slow
0.33598160144384404,0.5489909320841138,fast
0.2614379519118176,0.6754162656485477,fast
0.02112772044304434,0.09569104431831388,slow
0.9162455269501477,0.9679991179536741,fast
0.6994668509263147,0.49322885431123165,fast
0.26441981650154756,0.1339973567124667,slow
0.756395971237859,0.9853451799668618,fast
0.6902039318736839,0.262195949016658,fast
0.6391751077648454,0.9962627486032525,fast
0.4520828770314945,0.13120668520832302,slow
0.8703775342402365,0.807073077923195,fast
0.9260721598517605,0.4169109906690127,fast
0.7582181961304402,0.014858143297506898,slow
0.18566606357068394,0.18681269858353888,slow
0.4472742800081002,0.5090448368650937,fast
0.6440178809414737,0.24343117533097647,fast
0.951753267392206,0.5323545324070442,fast
0.505129830322531,0.47293133082169003,fast
0.4820816754982217,0.1120747952411344,slow
0.06803929536293907,0.3764463441284268,slow
0.06437306216948369,0.9031396318488918,fast
0.2685538690766818,0.17721708972728978,slow
0.6763830456135936,0.6084746109058012,fast
0.21457185930520561,0.9766927176066316,fast
0.7548852421512539,0.643369390981757,fast
0.642897026683472,0.16500069753317503,slow
0.2868613502426982,0.5413940698163263,slow
0.5220797376404593,0.09756944313801119,slow
0.8344506766612376,0.41201981766235996,fast
0.031290847543699485,0.9680619777464871,fast
0.6267068100893175,0.11520377110629709,slow
0.7520901176232762,0.1527039910175385,slow
0.9665263045148734,0.7531589514177832,fast
0.33235353681181734,0.0827508470013939,slow
0.6372545394599003,0.8794813915773613,fast
0.8058393074511455,0.3780251736300154,fast
0.3031065309943468,0.6154990197112556,fast
0.7752383111909684,0.9436226188893032,fast
0.7497989803475327,0.3178676751338404,fast
0.9515237128200634,0.6329725365770912,fast
0.4144621942252765,0.24175518791083817,slow
0.10918490905751765,0.8240832378266619,fast
0.516544127646867,0.6370827944667395,fast
0.6779259576840636,0.5867408022467346,fast
0.9138412898689094,0.7848036467574093,fast
0.7563016115346556,0.330429033464008,fast
0.5471488961654324,0.585956177233047,fast
0.8556428846902465,0.25790152953778456,fast
0.8505915773595394,0.44966860927164864,fast
0.6120903542795704,0.6270448373688307,fast
0.2717223672344543,0.9839709715593954,fast
0.009702011210575012,0.8558078443796758,fast
0.5861938192036268,0.7114349660109913,fast
0.01331835642976631,0.78893709465827,slow
0.3510952816764139,0.45309804470135395,fast
0.9895051260582155,0.8017683985925416,fast
0.25833353000922954,0.21337480599338543,slow
0.6890184308223845,0.6382015212220997,fast
0.7347889580907699,0.8379039431220819,fast
0.32367173724015974,0.19248033454571,slow
0.6016634091397993,0.5080338297365571,fast
0.8856732859403141,0.3469443750142809,fast
0.7245819195765477,0.8579952078579587,fast
0.33489827127048555,0.45593240051872785,fast
0.9946367096513127,0.24202428915768237,fast
0.6708034649312058,0.4069621487247258,fast
0.24020968520542774,0.16606568959719525,slow
0.8080698852003584,0.9866855934373573,fast
0.783725259931294,0.18827352288346588,slow
0.8773988718421128,0.2884764589107388,fast
0.8364851293260933,0.812883639067083,fast
0.7966968952737464,0.5179458349138227,fast
0.39097430417722856,0.12074829699859635,slow
0.7559813534510996,0.3246207586414085,fast
0.7646403928574177,0.9701790402944096,fast
0.8223360800900987,0.37451916001943475,fast
0.21511752429977848,0.9104214760585928,fast
0.9864164515257842,0.9256085747709804,fast
0.5755914238784253,0.5381767353230634,fast
0.9087110787437476,0.4557967851148409,fast
0.5169975299492705,0.6364603235019209,fast
0.7805440496330298,0.007432522428779564,slow
0.6040965995472988,0.15732079933479248,slow
0.29095766278700097,0.7031953985107101,fast
0.49052537620747894,0.8224562448655314,fast
0.8215899074591686,0.6666091029309851,fast
0.2791806237225267,0.8692508289530582,fast
0.9247033698643283,0.40661038829362883,fast
0.7317231151904816,0.2617023449214321,fast
0.7880037231009762,0.9513419630536083,fast
0.5273410835113114,0.5518857836118026,fast
0.7085486534294774,0.08504238385158513,slow
0.6354308330504903,0.7272817410743352,fast
0.4153314570361931,0.5038823207609833,fast
0.0019152283323017327,0.7846277319687222,slow
0.5606509657258117,0.13077532243714884,slow
0.6903296864116374,0.7446385590487226,fast
0.5547368222267806,0.987703775149908,fast
0.40059328065204225,0.3909901741148316,slow
0.5474650192922139,0.847047214676253,fast
0.1046927619857968,0.6613673967878235,slow
0.6441548116010918,0.7700357835227125,fast
0.06603894853264047,0.3833177242121225,slow
0.13183366506840233,0.21088076845635562,slow
0.07950515486428844,0.7210635611567745,slow
0.9526102110202529,0.7791321306158396,fast
0.9085077020463219,0.1502280133348487,fast
0.6262851671743408,0.029671202241445593,slow
0.9376277097566021,0.3811342241195077,fast
0.20948279970563377,0.729664138555624,fast
0.6620637082054529,0.13037154780869742,slow
0.4737948510517166,0.8744862577188901,fast
0.10770926075353815,0.8416774545134258,fast
0.5773781083510034,0.04711893912658072,slow
0.11038485849381352,0.3302400520276779,slow
0.28041776439286836,0.14446044194344376,slow
0.14260976693776695,0.3232297467705042,slow
0.24558905824025667,0.42336073865117596,slow
0.8966784503296722,0.09354607344075871,fast
0.4935210212218585,0.9373507699938842,fast
0.5494851349249094,0.21641348208434796,slow
0.14442662547397567,0.2464495285684425,slow
0.1521647177892833,0.07067491862788933,slow
0.10540083689720103,0.3621511382199567,slow
0.7013483937643024,0.19230312967020424,slow
0.5785662303982884,0.3121344802921737,fast
0.7418273107611625,0.8598410960108042,fast
0.586229448853091,0.5596474871403361,fast
0.25106535157561694,0.44636463714389785,slow
0.39853458790516316,0.24606996609544018,slow
0.3668115493459121,0.5450809549602191,fast
0.9267319219441792,0.7898700553710198,fast
0.7029217063755067,0.6506488458479411,fast
0.8324404672832674,0.18836611995436825,fast
0.6577484148029483,0.7238769844781188,fast
0.962465259191329,0.11368373723200442,fast
0.7645896232825398,0.48316850711281656,fast
0.0003296408430021325,0.3182692897856746,slow
0.08026032630820823,0.1276285139923351,slow
0.03870619526886043,0.6912132482623932,slow
0.8935102776916565,0.22792331180624326,fast
0.21002211280722216,0.5492354373873276,fast
0.46262021619666316,0.9225839278715726,fast
0.5845401484901558,0.4556214277184867,fast
0.2240671880472389,0.7108459112311981,slow
0.27599934159980766,0.3575404055597876,slow
0.8831959886257317,0.7816625350949927,fast
0.18290687948871232,0.39484383655002986,slow
0.831739327819006,0.20085358792102959,fast
0.46879537297384266,0.863174916728587,fast
0.6892697257081101,0.5493829134442557,fast
0.39238581798016825,0.2538174100554257,slow
0.6784956110985829,0.6133460020173511,fast
0.7044690861836782,0.4400825045410631,fast
0.4227250597751133,0.701338983572944,fast
0.2993607567628874,0.15778330231267157,slow
0.42953364753504475,0.2729242186857238,slow
0.7455222598278988,0.6756015389971367,fast
0.010867463236807984,0.5293656422793093,slow
0.20729274625052796,0.19773973318653193,slow
0.35074033128416204,0.4813877548067854,fast
0.6971213899211837,0.31109794414255953,fast
0.5086503056848329,0.9334358113106594,fast
0.22490917474763727,0.39090915177606156,slow
0.8786823915714165,0.7905770540388998,fast
0.5747961764623009,0.6147454551566053,fast
0.8898347024492593,0.5487727005893905,fast
0.3798742552110618,0.8952515281475794,fast
0.950453404446686,0.6694935112473412,fast
0.5809714840480631,0.49742715227838985,fast
0.34598457871178656,0.45453916511624326,fast
0.15378475818287507,0.3095944062629554,slow
0.8004731819445499,0.5660655455324235,fast
0.17431961451262812,0.5668705976748523,slow
0.8217010318626558,0.7369101794253833,fast
0.8118138829476269,0.885950948161745,fast
0.13227571356282597,0.9599110015558939,fast
0.7278397369868388,0.0014579033627901694,slow
0.7011221640784967,0.0012131472314013125,slow
0.09326254354704633,0.6963645971520783,slow
0.7592470663587557,0.9937607662232754,fast
0.9497053796500294,0.8570104536175047,fast
0.33563127696020645,0.5459212346332637,fast
0.5300148840033184,0.7115222651194244,fast
0.4105055256558098,0.019074174774994512,slow
0.23860997969963593,0.18986012146111886,slow
0.16116794818659919,0.5890779965175162,slow
0.6642615915829874,0.2706730844697385,fast
0.9675231947838779,0.6617469317266541,fast
0.12689458915772345,0.7954164464757066,slow
0.021640668948753494,0.31023704677033237,slow
0.5407041127724488,0.5070951018196075,fast
0.26533474189285544,0.8197537031112561,fast
0.8682477374689463,0.5949058793895051,fast
0.29352160078919787,0.5842256380849808,fast
0.022839156607490585,0.9485746646170519,fast
0.310288815154416,0.7038748521171728,fast
0.4104284810532024,0.6061731398213813,fast
0.4328115206492571,0.3407783039146004,fast
0.4101196357279201,0.6736060012339754,fast
0.28488456956558983,0.4093799087815626,fast
0.9632355549705166,0.4723400779172331,fast
0.013798674429806757,0.10618751918032654,slow
0.2235740578090113,0.7222960138414668,fast
0.8198609342902715,0.11848844617261478,fast
0.20143380112742837,0.35455887022443566,slow
0.20982171439248076,0.10744370488194332,slow
0.39076140510877944,0.02895990688249428,slow
0.6321853696872937,0.736769167488999,fast
0.8243668051673756,0.7220761921401594,fast
0.7870788753586223,0.07612518266753765,slow
0.17708238691880418,0.45656087384742194,slow
0.9319993066643641,0.8553067365773382,fast
0.17500722634147237,0.6211163215194946,slow
0.8071462054514092,0.222661340059081,fast
0.859237709426729,0.03697446024684903,fast
0.11539704630731551,0.7088500670142348,slow
0.3785555625308946,0.5158212143030538,fast
0.21270387227613075,0.5808037484091273,slow
0.46084502040936626,0.7180752160032227,fast
0.7822783748872394,0.27866742580557113,fast
0.802855749267935,0.996167145063019,fast
0.7575280145426141,0.24433428090211673,fast
0.029850699726469143,0.03448655404753609,slow
0.2896629522117006,0.7999225994098896,fast
0.9230764054775774,0.7911575848974853,fast
0.7373538935393896,0.8628970392214508,fast
0.7629674350880074,0.48589454107619967,fast
0.17401150548078104,0.7369147019080237,slow
0.15588759348914938,0.6015678651889644,slow
0.4891812904416347,0.12971629452111866,slow
0.6098027281094864,0.4174260161847344,fast
0.12460828738562224,0.37187945529372535,slow
0.8746539536529343,0.2743865329464077,fast
0.5727305142491808,0.3631593028730927,fast
0.92793323024147,0.5896466690360633,fast
0.9063675065853017,0.14813887087909616,fast
0.3998612616815622,0.45822001511661437,slow
0.2756573306219492,0.24446890703450375,slow
0.8363431141007653,0.8269226606773622,fast
0.49746699875881506,0.8257587369326348,fast
0.6003888556295275,0.06290258350536104,slow
0.7206169751654742,0.874747833624716,fast
0.9779055230431928,0.7234094812527493,fast
0.5148083486455217,0.08674401613696547,slow
0.45863796361756404,0.4576220434654783,fast
0.8570940128084245,0.6054091319512837,fast
0.07653645955602695,0.2366953570103213,slow
0.4383899454736021,0.4718402038326781,fast
0.21942307210091894,0.8866222546509854,fast
0.6108832143535494,0.6857525021702499,fast
0.822256727397905,0.4399500231414042,fast
0.4259416829303201,0.04026037586378595,slow
0.20756290117051612,0.5396256727934637,fast
0.12111200319160353,0.0600105834782263,slow
0.9011207521297184,0.683938882369869,fast
0.5854291350260646,0.2651459709607201,slow
0.9353909155125074,0.24290860750636245,fast
0.2686335302387365,0.9477664578762035,fast
0.2856098124068548,0.4352803426379399,slow
0.1797596159912178,0.06891192260290113,slow
0.637679537235919,0.4674369852311817,fast
0.5612831844976383,0.3173641896221937,fast
0.8565132174990577,0.0005835476168025711,fast
0.589126527972407,0.2894800741485134,slow
0.33427927408405356,0.8059271508565427,fast
0.1025837374089188,0.5845843981018406,slow
0.7859418089203357,0.7268717404274669,fast
0.9483093480426543,0.24963136227930172,fast
0.32810143792228696,0.16673043812627686,slow
0.31222674926990834,0.0509189016278736,slow
0.5254380567492374,0.3250549667165178,fast
0.3753327148440412,0.8664802683771227,fast
0.7445666587882686,0.7224242494366563,fast
0.4804241947944605,0.6213552778212984,fast
0.48268057616946514,0.28895298207339903,fast
0.37760789220680857,0.6137311198535704,fast
0.25072771795746085,0.5948434742572261,fast
0.9231443426609149,0.4556767170683286,fast
0.9435756114755948,0.34774332947943476,fast
0.20978884154638155,0.24408974791664328,slow
0.37588530613176796,0.6673022548705341,fast
0.7189652294278684,0.5689466227077408,fast
0.3537187177252318,0.2695166902781706,slow
0.44156343857398406,0.10659960545543379,slow
0.5642063075654261,0.8922564048327629,fast
0.2704299843258451,0.42175109847683234,slow
0.3873944954683155,0.6561542885356377,fast
0.7182676230809718,0.007797865656752889,slow
0.9391471795113812,0.888693967726128,fast
0.06475122865912497,0.189926311361159,slow
0.8760671932719933,0.4729231604178925,fast
0.08706557019140448,0.9365327630276706,fast
0.658111706388374,0.8748590718489727,fast
0.05259023360585413,0.229413750503899,slow
0.5452826175933865,0.5251750981712875,fast
0.22875642869928614,0.88010061121471,fast
0.808808132881476,0.8809458808572099,fast
0.020584212601788776,0.7401446023323424,slow
0.5121423754681115,0.879134072833714,fast
0.9608803952027809,0.12078772958842776,fast
0.5315238480436819,0.984208919924438,fast
0.44208606924633875,0.6309803109013445,fast
0.6488606268305684,0.21725896047637183,fast
0.7940733032346617,0.9497028291133901,fast
0.6855480922727659,0.7004101158241383,fast
0.41605060816955053,0.16491514124615614,slow
0.20538034377314196,0.20769725467998523,slow
0.7826382136487567,0.2762451666152028,fast
0.5034647592290412,0.845186262422479,fast
0.9565417928734277,0.8581490758725744,fast
0.3395901217438557,0.44127834868478444,fast
0.306705730694405,0.8680212772343139,fast
0.466009209191832,0.2187759422495391,slow
0.9880243318221649,0.9307280537039491,fast
0.7789662792316319,0.9924250735189144,fast
0.2944511905895484,0.1763789267031789,slow
0.6924168052430546,0.17009952724969502,slow
0.823044150276773,0.02401269254778704,fast
0.0571508385581444,0.2271154915271414,slow
0.7464821863985692,0.28186177589342776,fast
0.4747326774432076,0.35931879924269416,slow
0.8817957812928503,0.755764829857774,fast
0.7506653423104491,0.9528980339626824,fast
0.3660297142310377,0.30074682298290056,slow
0.08118398563310858,0.052581804639393326,slow
0.40533626294583747,0.5643511641590654,fast
0.38025884247544706,0.9532105110859782,fast
0.20378897365459536,0.5220664675839162,slow
0.6878788670929182,0.12400837338785686,slow
0.8637337763404898,0.625437769933918,fast
0.44365787771044973,0.5911143463009546,fast
0.115835380866248,0.8978674872961121,fast
0.5593971549345268,0.7786466585170742,fast
0.3401479147654831,0.5414867341659547,fast
0.043874780440150585,0.9163744929647203,fast
0.09715976131852866,0.7328603537809414,slow
0.38881367923337506,0.20814855650842223,slow
0.034567034882855285,0.5108404751817014,slow
0.13121144533789442,0.02771886311762728,slow
0.9458123956110306,0.9416836455474834,fast
0.5337845925599285,0.554576583214835,fast
0.18448001971574146,0.18205612380946312,slow
0.041590131101510996,0.009656491298147274,slow
0.28644232438962747,0.0430609834058463,slow
0.3234619165106436,0.735933195372712,fast
0.9422590476014678,0.8576215652030427,fast
0.18446443260990542,0.7571289885235043,slow
0.920244798468585,0.11587380288966298,fast
0.5025936303833287,0.7521985297218449,fast
0.805780484081873,0.5095758976419573,fast
0.5582447579379329,0.0313765167411072,slow
0.9595140202737144,0.6511303240586893,fast
0.9599739736758353,0.8225271351939936,fast
0.6208437910495099,0.3003265463793203,fast
0.33801415604940876,0.5840080569683767,fast
0.29726896304725847,0.04805150049136875,slow
0.1635843615221877,0.7606480831535978,slow
0.22951001492132506,0.1579851217642213,slow
0.6121044092637289,0.13654361145198224,slow
0.416852326473794,0.8386001255325904,fast
0.5400801868128375,0.9939491249554051,fast
0.9521231466854949,0.890429510241475,fast
0.7314286813106262,0.5690457844053022,fast
0.933822835465666,0.4010748261980155,fast
0.7651117307454207,0.511480865677087,fast
0.24658675059051371,0.4266689575769418,slow
0.042161830081733576,0.1038639941141446,slow
0.7000087648264888,0.9518736085808414,fast
0.14673931665446882,0.9169430367016099,fast
0.6556892440142841,0.09268065616533805,slow
0.08603944286568033,0.9736137369442517,fast
0.579334899781796,0.2415360020517996,slow
0.5278160478549278,0.7108545232213244,fast
0.45891342635779975,0.7843895310737035,fast
0.8091083367781479,0.41311784926533035,fast
0.6996390102792021,0.3691063858339998,fast
0.22091618670256152,0.2442806054994382,slow
0.4923595081556107,0.8527124419057868,fast
0.41533541305322375,0.08424747508756769,slow
0.38706578346012177,0.13689863113959222,slow
0.2270093470620561,0.848020584326342,fast
0.22163513214888841,0.7389736222387203,slow
0.6165788139631062,0.8306052887646574,fast
0.06218657042154019,0.3923384297070128,slow
0.4290718449751717,0.21742265226508595,slow
0.4972170401394258,0.5755634344334942,fast
0.4608398405818189,0.8397773555826785,fast
0.6915033814600794,0.11248398515001479,slow
0.8049533013594845,0.6235148551298655,fast
0.5378114661914303,0.8397379247941323,fast
0.16239134341944417,0.09224616847344191,slow
0.1769823562542896,0.5811400774681132,slow
0.933168983298841,0.4259316487079059,fast
0.46704003414419404,0.06221491113613287,slow
0.4887757799103738,0.1658162922327201,slow
0.21918009887885348,0.015106033258421747,slow
0.6300710246502748,0.403543486227121,fast
0.38021079350189624,0.7064282491775378,fast
0.568367546099368,0.29737230166077455,fast
0.553472361953592,0.6369596500132485,fast
0.9116530800116008,0.7131330877887783,fast
0.7760620545853532,0.4583010334150023,fast
0.9130316855663105,0.45645570497010435,fast
0.8733035077084564,0.43170902742344186,fast
0.09168033491028982,0.9403847634410923,fast
0.6143380219338295,0.5545793887624189,fast
0.2731807739001131,0.3947540366963974,slow
0.3414732987113369,0.973252601826516,fast
0.5139252288370779,0.12235715817530501,slow
0.5215735300593047,0.17415518076352965,slow
0.5799875454928456,0.08501688098452154,slow
0.4383754678262811,0.27747213254623226,slow
0.1076047847925663,0.1527440470993433,slow
0.9836586990881365,0.24942473904391993,fast
0.03649822971210659,0.006552860617865974,slow
0.9464424633420182,0.8156522696477464,fast
0.9875291610595512,0.038964637139633385,fast
0.6651884421027884,0.3382764940055153,fast
0.21101760564480132,0.24872206301115718,slow
0.7017359228302933,0.03675690059221437,slow
0.3337778917937151,0.5969351845978164,fast
0.35915266208356056,0.7208126344330917,fast
0.8486092033905515,0.34713688984516256,fast
0.7254431491428832,0.8628407167559263,fast
0.024189715515508747,0.6477046238039404,slow
0.9420721478101068,0.006278170533425942,fast
0.39287939729733634,0.36277437738792284,slow
0.29855974976482835,0.7676884719945446,fast
0.38795663662395097,0.013537188516789422,slow
0.20501749640802547,0.954108245482301,fast
0.42720826414984403,0.7849076675556533,fast
0.8401108945601461,0.8185228600452585,fast
0.9788115707518579,0.32533963741948335,fast
0.8431085433221378,0.40643355406479686,fast
0.6434539502859937,0.1137800485827497,slow
0.4253551338668471,0.7442335165552343,fast
0.4776990931370585,0.9741037148174718,fast
0.14985346928377907,0.5715298731552311,slow
0.2521548666232346,0.1284552379700742,slow
0.046573262066298415,0.5012842152907672,slow
0.7755914565404393,0.6626752628403633,fast
0.10480792841404685,0.7778406006335961,slow
0.17850641053501493,0.7852108378659057,slow
0.4262895445576863,0.4248966463181558,fast
0.812120957434545,0.37852035265151507,fast
0.07418422272456349,0.6698996020903539,slow
0.7539086194849166,0.2056444547232108,slow
0.2990035248015658,0.5112413498576723,fast
0.40355233993782946,0.10540015135585257,slow
0.4501053257859251,0.5971347233316012,fast
0.9878579933572861,0.6274607629733179,fast
0.9948593244981425,0.22018723811400964,fast
0.2644768222055789,0.0005884361420533946,slow
0.6002434701000211,0.3978604259910191,fast
0.32710718382878123,0.3051460276983774,slow
0.3278201160367087,0.10051491523483891,slow
0.8231503865036404,0.7733697369211786,fast
0.6439604088208553,0.4028215280398679,fast
0.5320655480313722,0.5775389763604555,fast
0.3044442564869482,0.45995186891888173,fast
0.37689753000488546,0.33984662519949027,slow
0.4697625332385502,0.5221192869867769,fast
0.8208794467991822,0.08541141766622307,fast
0.2660210705302508,0.5124055769725328,slow
0.5682257536952496,0.7036440854532958,fast
0.7928049719399737,0.07237551839362233,slow
0.05598071284750439,0.35353674805712176,slow
0.22754005065004346,0.17321404016592123,slow
0.76324042107918,0.973624108647918,fast
0.06967883597758251,0.6374182034424283,slow
0.9464919473508602,0.1527059062075975,fast
0.4336339126768546,0.07331829009817104,slow
0.632040887558866,0.9708221425125695,fast
0.10894630900609792,0.3598148597039674,slow
0.44502454633969535,0.491275954282797,fast
0.46700099283345764,0.7703489745369924,fast
0.7788636092819367,0.6476874484729431,fast
0.5945973707061942,0.01792420882629353,slow
0.14966799780236473,0.5115070082328584,slow
0.07932931254297415,0.611245751131478,slow
0.26087281110492533,0.5223376139069397,slow
0.5826153813255672,0.9337167507047157,fast
0.11539240752207591,0.8512953951801281,fast
0.15523308642644362,0.4727039885462354,slow
0.3503582748342773,0.8134314896116596,fast
0.2374208969263315,0.5129769328718442,fast
0.6069510436911723,0.010158938435351539,slow
0.22165181562824732,0.9709668499244423,fast
0.2051424094703982,0.5677599192908244,slow
0.7512097888311507,0.9248682734020185,fast
0.621788782448078,0.9257070130859303,fast
0.7396495981469813,0.29023309105172357,fast
0.14532497602600714,0.8898108436581736,fast
0.6277491204880867,0.2630252948373051,slow
0.37816913524705387,0.9481157605606143,fast
0.4724957518691262,0.9080170675664221,fast
0.21422032461996998,0.9265293420749181,fast
0.8176743900247512,0.36881510449894306,fast
0.8141819424619864,0.7357696574164677,fast
0.4615390451499396,0.39882025462875237,fast
0.3617780873791866,0.9229564395287577,fast
0.2498275622232512,0.4796882043164248,slow
0.5051221143741662,0.22942389429208743,slow
0.3023884963528255,0.5926114442071805,fast
0.4385568986304069,0.7788573756191189,fast
0.6080883580057975,0.15925848082156246,slow
0.8511173628362699,0.16237630307019657,fast
0.8539001717511845,0.7567060238564581,fast
0.06483298843955687,0.7308223115456209,slow
0.7799772876732928,0.6661713513067327,fast
0.38866393541887656,0.43567383502890167,fast
